cell	group
AAACGGGCAGTGGGAT-1	Stem
AAAGATGAGCCTTGAT-1	Stem
AAAGATGTCCTAAGTG-1	Stem
AAAGTAGCACATGTGT-1	Stem
AACCATGAGCGTAATA-1	Stem
AACGTTGCACACCGCA-1	Stem
AACGTTGTCTCTTGAT-1	Stem
AACTCAGAGATAGGAG-1	Stem
AACTCCCTCACCCGAG-1	Stem
AACTCCCTCCATGAGT-1	Stem
AACTCTTCATTGTGCA-1	Stem
AACTTTCAGCTGCAAG-1	Stem
AACTTTCGTGAAAGAG-1	Stem
AAGACCTAGTTCGCAT-1	Stem
AAGCCGCTCCTCAATT-1	Stem
AAGCCGCTCTGTGCAA-1	Stem
AAGGCAGAGGAGTTGC-1	Stem
AAGGCAGGTTGAACTC-1	Stem
AAGTCTGGTAGCCTCG-1	Stem
AAGTCTGGTGACTCAT-1	Stem
AAGTCTGTCAGTTTGG-1	Stem
AATCCAGAGTTAACGA-1	Stem
AATCCAGTCGAATCCA-1	Stem
AATCGGTAGATGTAAC-1	Stem
AATCGGTAGGTGTGGT-1	Stem
AATCGGTTCTACTTAC-1	Stem
ACACCAAGTAAGTGTA-1	Stem
ACACCAATCCTCCTAG-1	Stem
ACACCCTCAGTATGCT-1	Stem
ACACCCTTCTGGGCCA-1	Stem
ACACCGGAGACACGAC-1	Stem
ACACCGGAGCAGGTCA-1	Stem
ACACCGGAGCCACGTC-1	Stem
ACACCGGGTAAGGATT-1	Stem
ACACCGGTCCAAATGC-1	Stem
ACACTGAGTCTTGATG-1	Stem
ACAGCTATCCATGCTC-1	Stem
ACAGCTATCGGCATCG-1	Stem
ACATACGAGGATGTAT-1	Stem
ACATCAGAGCCAGGAT-1	Stem
ACATGGTCAGTTAACC-1	Stem
ACCAGTAAGAGCAATT-1	Stem
ACCAGTAGTCTCAACA-1	Stem
ACCAGTATCCCACTTG-1	Stem
ACCGTAAAGTGTCTCA-1	Stem
ACCGTAAGTACCGCTG-1	Stem
ACCGTAATCTAACCGA-1	Stem
ACCTTTACATCGACGC-1	Stem
ACCTTTAGTTCCCTTG-1	Stem
ACGAGGACACCAGCAC-1	Stem
ACGAGGAGTAGCTAAA-1	Stem
ACGATACAGCAGCCTC-1	Stem
ACGATACAGTTACCCA-1	Stem
ACGCCAGGTATCAGTC-1	Stem
ACGCCAGTCACATGCA-1	Stem
ACGCCGAAGTCATGCT-1	Stem
ACGCCGATCATGCAAC-1	Stem
ACGGAGACATCCCACT-1	Stem
ACGGAGAGTAGAGCTG-1	Stem
ACGGCCAAGCGAGAAA-1	Stem
ACGGCCACACCAGGCT-1	Stem
ACGGGCTCAGCAGTTT-1	Stem
ACGGGCTCAGGAATGC-1	Stem
ACGGGCTTCCACGACG-1	Stem
ACTATCTAGCTACCTA-1	Stem
ACTATCTAGGGATACC-1	Stem
ACTATCTCATGAAGTA-1	Stem
ACTGAACAGGCTCAGA-1	Stem
ACTGAACCACACCGAC-1	Stem
ACTGAGTTCTTTCCTC-1	Stem
ACTGATGTCACTTACT-1	Stem
ACTGATGTCTCTTATG-1	Stem
ACTGATGTCTGTCCGT-1	Stem
ACTGCTCAGTTTAGGA-1	Stem
ACTGCTCCAAGCTGAG-1	Stem
ACTGCTCCACAAGCCC-1	Stem
ACTGTCCAGTGTACCT-1	Stem
ACTGTCCGTGACTCAT-1	Stem
ACTGTCCTCATAGCAC-1	Stem
ACTGTCCTCTCGAGTA-1	Stem
ACTTACTGTATATCCG-1	Stem
ACTTACTGTGCGCTTG-1	Stem
ACTTGTTAGCACAGGT-1	Stem
ACTTTCATCAGAAATG-1	Stem
ACTTTCATCTAACTGG-1	Stem
AGAATAGGTATGAATG-1	Stem
AGAATAGTCATCATTC-1	Stem
AGACGTTAGTAGCGGT-1	Stem
AGACGTTTCCCTTGCA-1	Stem
AGAGCGACACAAGCCC-1	Stem
AGAGCTTCACAGTCGC-1	Stem
AGAGTGGGTGACGGTA-1	Stem
AGATCTGAGGGATGGG-1	Stem
AGATTGCGTGCCTGCA-1	Stem
AGCATACGTGAGGGTT-1	Stem
AGCATACGTGCCTTGG-1	Stem
AGCCTAAAGCTATGCT-1	Stem
AGCCTAACAAGCGAGT-1	Stem
AGCGGTCCATGTCGAT-1	Stem
AGCGGTCTCTCCAACC-1	Stem
AGCGTATGTACATGTC-1	Stem
AGCGTATTCCACGACG-1	Stem
AGCGTATTCTAGCACA-1	Stem
AGCTCCTGTGATGATA-1	Stem
AGCTCTCCACGTAAGG-1	Stem
AGCTCTCTCATCTGCC-1	Stem
AGCTTGAAGGCATTGG-1	Stem
AGCTTGACAACTTGAC-1	Stem
AGCTTGAGTATGAAAC-1	Stem
AGGCCACAGACTCGGA-1	Stem
AGGCCACTCCGTAGGC-1	Stem
AGGGATGTCGATAGAA-1	Stem
AGGGTGACAATGCCAT-1	Stem
AGGGTGACAGCATGAG-1	Stem
AGGGTGACATCACCCT-1	Stem
AGGTCATCACAAGCCC-1	Stem
AGGTCATTCGCATGGC-1	Stem
AGGTCCGCAGGAATCG-1	Stem
AGGTCCGGTAGCTAAA-1	Stem
AGGTCCGGTGTAACGG-1	Stem
AGTAGTCTCGCGTAGC-1	Stem
AGTCTTTAGACGCAAC-1	Stem
AGTCTTTAGCTGCAAG-1	Stem
AGTCTTTGTACCGAGA-1	Stem
AGTCTTTGTCCGTGAC-1	Stem
AGTGAGGAGATGAGAG-1	Stem
AGTGGGATCGCGGATC-1	Stem
AGTTGGTGTAGAAAGG-1	Stem
AGTTGGTTCAAACCAC-1	Stem
ATAACGCCAGCTCGCA-1	Stem
ATAAGAGCAGATGAGC-1	Stem
ATAGACCCATGTCCTC-1	Stem
ATAGACCTCTGCGACG-1	Stem
ATCATCTAGACTTGAA-1	Stem
ATCATCTGTCTCAACA-1	Stem
ATCCACCCAGCATGAG-1	Stem
ATCCACCGTAAGTGGC-1	Stem
ATCTGCCAGTTAAGTG-1	Stem
ATCTGCCGTCAAGCGA-1	Stem
ATCTGCCGTCGCCATG-1	Stem
ATCTGCCGTTAAGTAG-1	Stem
ATGAGGGGTAAGGATT-1	Stem
ATGCGATCAGAAGCAC-1	Stem
ATGCGATGTATTCGTG-1	Stem
ATGCGATGTTCAGACT-1	Stem
ATGGGAGAGAGATGAG-1	Stem
ATGGGAGTCACTCTTA-1	Stem
ATGTGTGAGAAGGTGA-1	Stem
ATGTGTGAGTCCGGTC-1	Stem
ATTACTCCAAGCTGGA-1	Stem
ATTATCCGTTACGCGC-1	Stem
ATTATCCTCCTAGTGA-1	Stem
ATTCTACAGTACGATA-1	Stem
ATTCTACGTACTTGAC-1	Stem
ATTCTACGTTACAGAA-1	Stem
ATTGGACGTAAGTGGC-1	Stem
ATTGGACTCCTGTACC-1	Stem
ATTTCTGCATTACGAC-1	Stem
CAACCAAAGTGCGATG-1	Stem
CAACCAAGTGCGATAG-1	Stem
CAACCAAGTTAGAACA-1	Stem
CAACCTCCAGGAATCG-1	Stem
CAACCTCTCTACCTGC-1	Stem
CAACCTCTCTGTTTGT-1	Stem
CAAGAAAAGCTGCCCA-1	Stem
CAAGAAATCGGCTTGG-1	Stem
CAAGATCAGAGAGCTC-1	Stem
CAAGGCCTCGCGGATC-1	Stem
CAAGTTGAGTCCGTAT-1	Stem
CACAAACAGGACTGGT-1	Stem
CACAAACCAGCTCGAC-1	Stem
CACACAAGTGATAAGT-1	Stem
CACACCTAGTAGCCGA-1	Stem
CACACCTGTCCTCTTG-1	Stem
CACACCTTCCGCTGTT-1	Stem
CACACTCGTAAGCACG-1	Stem
CACACTCTCCGGGTGT-1	Stem
CACACTCTCTCACATT-1	Stem
CACACTCTCTGCCAGG-1	Stem
CACAGGCCACCTTGTC-1	Stem
CACAGTAAGGCCCTTG-1	Stem
CACAGTACAGCTGCAC-1	Stem
CACAGTATCAAGGTAA-1	Stem
CACATTTAGTAGTGCG-1	Stem
CACCTTGCAAGCTGGA-1	Stem
CACTCCATCCCTAATT-1	Stem
CAGAATCTCCATGAAC-1	Stem
CAGAGAGCAGTTTACG-1	Stem
CAGATCAAGCTTATCG-1	Stem
CAGATCACAGTAAGAT-1	Stem
CAGCAGCCACCAGGTC-1	Stem
CAGCAGCGTCCCTTGT-1	Stem
CAGCATACAGATCGGA-1	Stem
CAGCATAGTAAGTAGT-1	Stem
CAGCATAGTCCGTCAG-1	Stem
CAGCATAGTGTAATGA-1	Stem
CAGCCGATCGCCAAAT-1	Stem
CAGCGACAGTGTCCCG-1	Stem
CAGCGACCATTCTTAC-1	Stem
CAGCTAAAGAGGTTAT-1	Stem
CAGTAACAGAGGGATA-1	Stem
CAGTCCTCAGACTCGC-1	Stem
CAGTCCTCATGCGCAC-1	Stem
CATATGGCACGGCGTT-1	Stem
CATATTCCACAACGCC-1	Stem
CATATTCCACATTTCT-1	Stem
CATATTCTCTCTGTCG-1	Stem
CATCAAGCAGTGACAG-1	Stem
CATCAGATCTGCTGTC-1	Stem
CATCCACGTATATGAG-1	Stem
CATCCACGTCTAAACC-1	Stem
CATCCACTCTCCAGGG-1	Stem
CATGACATCGACAGCC-1	Stem
CATGCCTCAGGCTCAC-1	Stem
CATGCCTTCTCCGGTT-1	Stem
CATGGCGGTCCTCCAT-1	Stem
CATGGCGTCCATGCTC-1	Stem
CATGGCGTCTGCGACG-1	Stem
CATTATCAGAGCCTAG-1	Stem
CATTATCCACGTGAGA-1	Stem
CATTATCCATGATCCA-1	Stem
CATTCGCGTCTGGAGA-1	Stem
CCAATCCTCCGTAGGC-1	Stem
CCACCTAAGCCACGCT-1	Stem
CCACCTATCAGCGATT-1	Stem
CCACCTATCGTCCGTT-1	Stem
CCACCTATCTGCTGTC-1	Stem
CCACGGAAGGCTCTTA-1	Stem
CCACGGACATACAGCT-1	Stem
CCACTACCACTGTGTA-1	Stem
CCACTACCAGTATAAG-1	Stem
CCACTACTCCAGAGGA-1	Stem
CCAGCGAAGCCCGAAA-1	Stem
CCATTCGAGTCCGGTC-1	Stem
CCATTCGTCCATGAGT-1	Stem
CCCAGTTGTATCTGCA-1	Stem
CCCTCCTGTCAGAGGT-1	Stem
CCGGGATAGACTAGGC-1	Stem
CCGGGATGTTCTGGTA-1	Stem
CCGGGATTCCAACCAA-1	Stem
CCGGTAGCACCAACCG-1	Stem
CCGGTAGCACTTAAGC-1	Stem
CCGTACTAGGATGCGT-1	Stem
CCGTACTCAGCTCGAC-1	Stem
CCGTGGAAGTCCTCCT-1	Stem
CCGTGGAGTCCTCCAT-1	Stem
CCTAAAGTCAGCAACT-1	Stem
CCTAAAGTCCGGCACA-1	Stem
CCTAAAGTCTACTATC-1	Stem
CCTACACAGTAACCCT-1	Stem
CCTACACGTATAAACG-1	Stem
CCTACCAGTCATATGC-1	Stem
CCTAGCTAGAAACGAG-1	Stem
CCTAGCTGTGTGAAAT-1	Stem
CCTAGCTTCACCGTAA-1	Stem
CCTAGCTTCACTATTC-1	Stem
CCTAGCTTCCTTGGTC-1	Stem
CCTAGCTTCGCGATCG-1	Stem
CCTATTACAAACTGTC-1	Stem
CCTATTAGTTCATGGT-1	Stem
CCTTACGAGCCAGTTT-1	Stem
CCTTACGCACCAGGCT-1	Stem
CCTTACGGTTACTGAC-1	Stem
CCTTCCCAGAGTAATC-1	Stem
CCTTCCCAGGTGATTA-1	Stem
CCTTCGAAGTAGCGGT-1	Stem
CCTTTCTCACAGGCCT-1	Stem
CCTTTCTGTATCACCA-1	Stem
CCTTTCTTCTCAACTT-1	Stem
CGAACATGTACCATCA-1	Stem
CGAACATGTGACCAAG-1	Stem
CGAACATTCGCCCTTA-1	Stem
CGAATGTAGGATGGAA-1	Stem
CGACCTTTCATAGCAC-1	Stem
CGACTTCCACGCCAGT-1	Stem
CGAGAAGTCCGCGTTT-1	Stem
CGAGCACGTCGATTGT-1	Stem
CGAGCACTCAGAGCTT-1	Stem
CGAGCACTCTCAACTT-1	Stem
CGAGCCAAGGCCGAAT-1	Stem
CGAGCCAAGTGAATTG-1	Stem
CGATCGGTCCGCGTTT-1	Stem
CGATGGCTCGTCGTTC-1	Stem
CGATGTACATAGACTC-1	Stem
CGATGTACATGTTGAC-1	Stem
CGCCAAGCACATGGGA-1	Stem
CGCCAAGCAGGGATTG-1	Stem
CGCCAAGTCTGTGCAA-1	Stem
CGCGGTATCACCAGGC-1	Stem
CGCGTTTTCGATCCCT-1	Stem
CGCTATCAGATGGCGT-1	Stem
CGCTATCCAGTGGGAT-1	Stem
CGCTATCTCTTTACGT-1	Stem
CGCTGGAAGCGAAGGG-1	Stem
CGCTGGAAGCGTGAGT-1	Stem
CGCTGGAAGTGAATTG-1	Stem
CGCTGGAGTATTCGTG-1	Stem
CGCTGGATCATACGGT-1	Stem
CGCTTCACATAGGATA-1	Stem
CGCTTCAGTACAGTTC-1	Stem
CGGACACAGAGCCCAA-1	Stem
CGGACACAGATCCTGT-1	Stem
CGGACACAGGCCATAG-1	Stem
CGGACACTCCGCAGTG-1	Stem
CGGACGTCAGACAAAT-1	Stem
CGGACGTTCCAATGGT-1	Stem
CGGACGTTCCTGCCAT-1	Stem
CGGACTGAGGGAACGG-1	Stem
CGGACTGGTTTCGCTC-1	Stem
CGGAGCTTCTCGGACG-1	Stem
CGGAGTCAGATACACA-1	Stem
CGGCTAGAGCAGACTG-1	Stem
CGGCTAGAGGCTCTTA-1	Stem
CGGCTAGCACCGAAAG-1	Stem
CGGGTCACACTACAGT-1	Stem
CGGGTCATCATTATCC-1	Stem
CGGTTAAGTCTTGATG-1	Stem
CGTAGGCGTCGATTGT-1	Stem
CGTCACTCACCGAATT-1	Stem
CGTCAGGAGAAACCGC-1	Stem
CGTCTACTCTCCAGGG-1	Stem
CGTGAGCAGGCTCAGA-1	Stem
CGTGAGCTCCATGAGT-1	Stem
CGTGTAAGTCAGCTAT-1	Stem
CGTGTAAGTGCGGTAA-1	Stem
CGTTAGATCGCCATAA-1	Stem
CGTTCTGAGCCACGTC-1	Stem
CGTTCTGGTAGAGGAA-1	Stem
CGTTCTGGTCATCGGC-1	Stem
CGTTCTGGTTCCCGAG-1	Stem
CGTTCTGTCGCCGTGA-1	Stem
CGTTGGGAGAAACCTA-1	Stem
CGTTGGGGTGAAATCA-1	Stem
CGTTGGGGTTGACGTT-1	Stem
CGTTGGGTCAAAGACA-1	Stem
CTAACTTAGACAGGCT-1	Stem
CTAACTTCAACACGCC-1	Stem
CTAACTTGTAGGCTGA-1	Stem
CTAAGACCACAGGAGT-1	Stem
CTAATGGAGCGTTTAC-1	Stem
CTAATGGGTATCTGCA-1	Stem
CTAATGGGTGACTCAT-1	Stem
CTAATGGTCAAAGTAG-1	Stem
CTACACCAGTTGTCGT-1	Stem
CTACATTAGCGTTGCC-1	Stem
CTACATTGTTTCCACC-1	Stem
CTACATTTCTGAAAGA-1	Stem
CTACCCAAGACCGGAT-1	Stem
CTACCCAAGCCTTGAT-1	Stem
CTACCCACATGTTCCC-1	Stem
CTACCCAGTACAGACG-1	Stem
CTACCCATCATATCGG-1	Stem
CTACGTCTCGGAAACG-1	Stem
CTAGAGTAGTGCAAGC-1	Stem
CTAGCCTAGACGCAAC-1	Stem
CTAGTGACAGATGGCA-1	Stem
CTCACACAGACCGGAT-1	Stem
CTCACACAGCTAGTCT-1	Stem
CTCACACTCCAGGGCT-1	Stem
CTCAGAAAGCCCGAAA-1	Stem
CTCATTACACGCATCG-1	Stem
CTCATTATCCACTGGG-1	Stem
CTCCTAGCAAAGTCAA-1	Stem
CTCCTAGCAGCTTAAC-1	Stem
CTCCTAGTCAAGATCC-1	Stem
CTCCTAGTCGGATGGA-1	Stem
CTCGGAGCAATAGAGT-1	Stem
CTCGGAGCACAGGTTT-1	Stem
CTCGGAGGTGGTAACG-1	Stem
CTCGGAGGTTTGCATG-1	Stem
CTCGGAGTCAGCGATT-1	Stem
CTCGGAGTCGTATCAG-1	Stem
CTCGGAGTCTGAAAGA-1	Stem
CTCGGGACAAGTAATG-1	Stem
CTCGGGAGTAAACGCG-1	Stem
CTCGTACCATTCGACA-1	Stem
CTCTAATCAAGCTGAG-1	Stem
CTCTAATTCACAGTAC-1	Stem
CTCTACGCAATCTACG-1	Stem
CTCTACGCACTGCCAG-1	Stem
CTCTACGGTGGTTTCA-1	Stem
CTCTACGTCGCTAGCG-1	Stem
CTCTACGTCTATCGCC-1	Stem
CTGAAACGTCTAGTGT-1	Stem
CTGAAGTAGGATTCGG-1	Stem
CTGAAGTTCAGTACGT-1	Stem
CTGAAGTTCGAATGGG-1	Stem
CTGATAGGTGCAGACA-1	Stem
CTGATCCCAGGCTGAA-1	Stem
CTGCTGTCACAGATTC-1	Stem
CTGCTGTTCAGGCAAG-1	Stem
CTGGTCTAGCGAAGGG-1	Stem
CTGGTCTAGGTGCTAG-1	Stem
CTGGTCTGTCAAAGCG-1	Stem
CTGTGCTGTAAGCACG-1	Stem
CTGTGCTGTCTTTCAT-1	Stem
CTGTGCTGTTACGCGC-1	Stem
CTGTTTACAAACTGTC-1	Stem
CTGTTTAGTGCACGAA-1	Stem
CTGTTTAGTTATGCGT-1	Stem
CTGTTTATCGACAGCC-1	Stem
CTTAACTCACCCTATC-1	Stem
CTTAACTTCATATCGG-1	Stem
CTTAACTTCCACTCCA-1	Stem
CTTACCGAGGCTACGA-1	Stem
CTTACCGGTTCCACGG-1	Stem
CTTAGGAAGGACATTA-1	Stem
CTTAGGAGTGGTCTCG-1	Stem
CTTCTCTGTCCGTGAC-1	Stem
CTTCTCTTCAGGATCT-1	Stem
CTTCTCTTCTGGTTCC-1	Stem
CTTTGCGTCGCCAAAT-1	Stem
CTTTGCGTCTGAAAGA-1	Stem
GAAACTCCACATCCGG-1	Stem
GAAACTCGTGGTGTAG-1	Stem
GAAACTCTCCCTCAGT-1	Stem
GAAATGACAAGGACTG-1	Stem
GAAATGAGTCAGATAA-1	Stem
GAACATCTCGCATGAT-1	Stem
GAACCTATCGGCTTGG-1	Stem
GAACGGACAAAGGTGC-1	Stem
GAATGAACAGTCACTA-1	Stem
GACACGCGTGTTGGGA-1	Stem
GACCAATCAACGCACC-1	Stem
GACCTGGAGAGTGAGA-1	Stem
GACCTGGAGGCATGGT-1	Stem
GACCTGGCACTCAGGC-1	Stem
GACCTGGGTACTTCTT-1	Stem
GACCTGGTCGCAAACT-1	Stem
GACGGCTGTCGAGTTT-1	Stem
GACGGCTGTGTTAAGA-1	Stem
GACGTGCCAGTCGATT-1	Stem
GACGTGCCAGTCGTGC-1	Stem
GACTAACCATAGAAAC-1	Stem
GACTAACCATGAAGTA-1	Stem
GACTACACACTTAAGC-1	Stem
GACTACACAGTACACT-1	Stem
GACTGCGTCCCAAGTA-1	Stem
GACTGCGTCCTAGAAC-1	Stem
GAGGTGAAGCCAGGAT-1	Stem
GAGGTGAGTGCGGTAA-1	Stem
GAGGTGATCGGTGTCG-1	Stem
GATCAGTAGTGGTAAT-1	Stem
GATCGATTCTTGTTTG-1	Stem
GATCGCGCACGCGAAA-1	Stem
GATCGCGGTTAAAGTG-1	Stem
GATCGCGTCTTAACCT-1	Stem
GATCGTACAAGACGTG-1	Stem
GATCGTATCAGTGCAT-1	Stem
GATCTAGAGGCTACGA-1	Stem
GATGAGGAGCCACTAT-1	Stem
GATGAGGGTCCGAATT-1	Stem
GATGAGGGTGGCCCTA-1	Stem
GATGAGGTCCCTTGTG-1	Stem
GATGAGGTCTTACCGC-1	Stem
GATGCTACAAGGTGTG-1	Stem
GATGCTACATGTTCCC-1	Stem
GATTCAGAGCCAACAG-1	Stem
GATTCAGGTTTCGCTC-1	Stem
GCAAACTTCTGGAGCC-1	Stem
GCAATCAAGAGGTTAT-1	Stem
GCAATCAAGTAGCCGA-1	Stem
GCACATAAGCCAGAAC-1	Stem
GCACTCTCATATGCTG-1	Stem
GCACTCTTCCTGCAGG-1	Stem
GCAGCCAGTCATCCCT-1	Stem
GCAGTTAGTTTGTTTC-1	Stem
GCAGTTATCGCATGAT-1	Stem
GCATACAAGCGATGAC-1	Stem
GCATACACAGCTATTG-1	Stem
GCATACACATACGCCG-1	Stem
GCATACAGTCTGCCAG-1	Stem
GCATGATAGCGTCAAG-1	Stem
GCATGATAGTCACGCC-1	Stem
GCCAAATAGTACGCCC-1	Stem
GCGAGAAAGCGTCAAG-1	Stem
GCGAGAACACTCAGGC-1	Stem
GCGCAACGTGTCCTCT-1	Stem
GCGCAGTAGCTGGAAC-1	Stem
GCGCCAAAGATAGGAG-1	Stem
GCGCCAATCAGGCAAG-1	Stem
GCGCGATAGAGGTTGC-1	Stem
GCGCGATAGGGTATCG-1	Stem
GCGCGATTCAAACAAG-1	Stem
GCTCCTAAGACTTGAA-1	Stem
GCTCCTACACAGGCCT-1	Stem
GCTCCTACAGCATGAG-1	Stem
GCTCCTATCTGTCCGT-1	Stem
GCTCTGTCACCCATGG-1	Stem
GCTCTGTCAGCCTTGG-1	Stem
GCTCTGTCAGGGAGAG-1	Stem
GCTGCAGCAGCAGTTT-1	Stem
GCTGCAGTCTCCAGGG-1	Stem
GCTGCTTCACTACAGT-1	Stem
GCTGGGTCATTTGCTT-1	Stem
GCTGGGTGTTAAGATG-1	Stem
GCTTCCAGTGATAAGT-1	Stem
GCTTGAATCTCCAACC-1	Stem
GGAAAGCAGATTACCC-1	Stem
GGAAAGCAGCTGAACG-1	Stem
GGAAAGCAGTCAATAG-1	Stem
GGAACTTAGGGCATGT-1	Stem
GGAACTTAGGTTCCTA-1	Stem
GGAACTTGTGGACGAT-1	Stem
GGAACTTGTGTTAAGA-1	Stem
GGAATAACATACTACG-1	Stem
GGACAAGCATATGAGA-1	Stem
GGACAAGTCTTGCAAG-1	Stem
GGACAGACACCACGTG-1	Stem
GGACATTCATGTAGTC-1	Stem
GGACATTTCTGCCCTA-1	Stem
GGACGTCTCCAACCAA-1	Stem
GGAGCAAAGCCAGAAC-1	Stem
GGAGCAACACGGCTAC-1	Stem
GGAGCAACATGCCTTC-1	Stem
GGAGCAAGTATCACCA-1	Stem
GGAGCAATCCTTAATC-1	Stem
GGATTACTCTCCAGGG-1	Stem
GGCAATTGTTCGTCTC-1	Stem
GGCCGATCAGAAGCAC-1	Stem
GGCCGATGTTCTGTTT-1	Stem
GGCGACTAGGTTCCTA-1	Stem
GGCGACTCACGTAAGG-1	Stem
GGCGACTCAGATAATG-1	Stem
GGCGACTTCCCAAGTA-1	Stem
GGCGTGTCACCGAATT-1	Stem
GGCTCGACAAACAACA-1	Stem
GGCTCGAGTCTAAAGA-1	Stem
GGCTGGTAGAACTCGG-1	Stem
GGGAATGAGTGACATA-1	Stem
GGGAATGCAGCATGAG-1	Stem
GGGACCTTCCGAGCCA-1	Stem
GGGAGATAGCATGGCA-1	Stem
GGGAGATCACCACGTG-1	Stem
GGGAGATGTGTTAAGA-1	Stem
GGGAGATTCACGGTTA-1	Stem
GGGATGAAGTGGTCCC-1	Stem
GGGATGACATAGAAAC-1	Stem
GGGCACTCAATGAAAC-1	Stem
GGGCATCAGATAGTCA-1	Stem
GGGCATCTCCCTCAGT-1	Stem
GGGTTGCCACTTAACG-1	Stem
GGTGCGTCAGTTCCCT-1	Stem
GGTGCGTTCGGATGTT-1	Stem
GGTGCGTTCTAACGGT-1	Stem
GGTGTTACAGATTGCT-1	Stem
GGTGTTAGTGGACGAT-1	Stem
GTAACGTGTTCATGGT-1	Stem
GTAGGCCAGTTAGGTA-1	Stem
GTAGGCCCAGTGACAG-1	Stem
GTAGGCCTCCAAGCCG-1	Stem
GTAGGCCTCTTGCATT-1	Stem
GTAGTCAGTCGCGTGT-1	Stem
GTAGTCATCAGCAACT-1	Stem
GTAGTCATCATTATCC-1	Stem
GTCAAGTCACCTCGTT-1	Stem
GTCACAAAGAGTGAGA-1	Stem
GTCACGGGTGGCAAAC-1	Stem
GTCACGGTCACTCCTG-1	Stem
GTCATTTCAATCCGAT-1	Stem
GTCATTTCAATTCCTT-1	Stem
GTCATTTGTTCCACTC-1	Stem
GTCCTCAAGGCATGTG-1	Stem
GTCGGGTAGCGAAGGG-1	Stem
GTCGGGTCACTCAGGC-1	Stem
GTCGTAAAGGCCCGTT-1	Stem
GTCGTAAAGTCCGTAT-1	Stem
GTCGTAACACATAACC-1	Stem
GTCGTAAGTAGCACGA-1	Stem
GTCTCGTTCGACGGAA-1	Stem
GTCTCGTTCTATCGCC-1	Stem
GTGAAGGTCACCGTAA-1	Stem
GTGCAGCAGACATAAC-1	Stem
GTGCAGCCACGTAAGG-1	Stem
GTGCAGCGTGTTGAGG-1	Stem
GTGCATATCGCATGGC-1	Stem
GTGCATATCTCGTATT-1	Stem
GTGCATATCTTATCTG-1	Stem
GTGCGGTTCTAACTGG-1	Stem
GTGCTTCTCAGAAATG-1	Stem
GTGGGTCAGATATACG-1	Stem
GTGGGTCAGCAGATCG-1	Stem
GTGGGTCAGGCAGTCA-1	Stem
GTGGGTCGTCGCGAAA-1	Stem
GTGTGCGCATTGTGCA-1	Stem
GTGTGCGTCTTTAGGG-1	Stem
GTTAAGCCAATGGAGC-1	Stem
GTTAAGCTCCTGTACC-1	Stem
GTTACAGCATCGTCGG-1	Stem
GTTACAGCATGCAACT-1	Stem
GTTACAGGTATTAGCC-1	Stem
GTTCATTTCTTACCGC-1	Stem
GTTCGGGTCATGCATG-1	Stem
TAAACCGGTATAGGTA-1	Stem
TAAGAGATCACTTATC-1	Stem
TACAGTGAGTGAACAT-1	Stem
TACAGTGCAAATCCGT-1	Stem
TACAGTGTCCTTTACA-1	Stem
TACAGTGTCGTATCAG-1	Stem
TACCTATTCGTTACAG-1	Stem
TACCTTAAGGGCTTCC-1	Stem
TACCTTAGTATATGAG-1	Stem
TACCTTATCTCTGAGA-1	Stem
TACGGATAGAGATGAG-1	Stem
TACGGATAGTTCGATC-1	Stem
TACGGATGTCCGTCAG-1	Stem
TACGGATTCCACTCCA-1	Stem
TACGGATTCGCATGGC-1	Stem
TACGGATTCTTGTATC-1	Stem
TACTCATTCCAGGGCT-1	Stem
TACTCATTCGTAGATC-1	Stem
TACTCGCAGAACTGTA-1	Stem
TACTTACAGTTGCAGG-1	Stem
TACTTACCAATGCCAT-1	Stem
TACTTGTAGCTGATAA-1	Stem
TACTTGTGTCGTTGTA-1	Stem
TACTTGTTCTTCAACT-1	Stem
TAGACCACAATGGATA-1	Stem
TAGACCAGTAAAGGAG-1	Stem
TAGACCAGTAGTACCT-1	Stem
TAGAGCTCAACAACCT-1	Stem
TAGCCGGCACAAGACG-1	Stem
TAGCCGGTCCGCATCT-1	Stem
TAGGCATAGAGGTTAT-1	Stem
TAGGCATCAACACCTA-1	Stem
TAGGCATCAGTGGAGT-1	Stem
TAGTGGTAGCTGCAAG-1	Stem
TAGTGGTTCAGCACAT-1	Stem
TAGTGGTTCATCACCC-1	Stem
TAGTGGTTCTGTCTAT-1	Stem
TAGTTGGCAGCCTGTG-1	Stem
TATCAGGGTGCCTGCA-1	Stem
TATGCCCAGACTTTCG-1	Stem
TCAACGAAGGCGACAT-1	Stem
TCACGAAAGGGCTCTC-1	Stem
TCACGAAAGTTGTAGA-1	Stem
TCACGAATCGTAGGAG-1	Stem
TCAGATGGTTCGGGCT-1	Stem
TCAGCAACACAGGAGT-1	Stem
TCAGCTCAGAATGTGT-1	Stem
TCAGCTCCAAAGGAAG-1	Stem
TCAGCTCTCTTGCAAG-1	Stem
TCAGGATCACTATCTT-1	Stem
TCAGGTAGTGAGGGTT-1	Stem
TCAGGTAGTTACGCGC-1	Stem
TCATTACAGCGCTTAT-1	Stem
TCATTACCACGTCAGC-1	Stem
TCATTACCATCGGGTC-1	Stem
TCATTTGAGCGTTCCG-1	Stem
TCATTTGCATTCTTAC-1	Stem
TCATTTGGTCAGTGGA-1	Stem
TCCACACGTGGACGAT-1	Stem
TCCCGATAGGGTTCCC-1	Stem
TCCCGATCACCACCAG-1	Stem
TCGAGGCTCTCAACTT-1	Stem
TCGAGGCTCTGAGTGT-1	Stem
TCGCGAGGTTATCGGT-1	Stem
TCGCGTTCAGAGCCAA-1	Stem
TCGGGACAGTGTCCCG-1	Stem
TCGGTAAGTAAGAGAG-1	Stem
TCGGTAATCTCGAGTA-1	Stem
TCGGTAATCTGCTGCT-1	Stem
TCGTACCGTCTCAACA-1	Stem
TCGTACCTCGAGAACG-1	Stem
TCGTAGACAAGGTTTC-1	Stem
TCTATTGTCAATCACG-1	Stem
TCTATTGTCCAACCAA-1	Stem
TCTCTAATCAGCGACC-1	Stem
TCTGAGAAGACTAGAT-1	Stem
TCTGAGAAGCTAACTC-1	Stem
TCTGAGAAGCTGAACG-1	Stem
TCTGAGAAGGCACATG-1	Stem
TCTGAGAAGTTATCGC-1	Stem
TCTTCGGCAGGACGTA-1	Stem
TCTTCGGGTCTTGATG-1	Stem
TCTTTCCAGCCACGCT-1	Stem
TCTTTCCAGGCTAGGT-1	Stem
TCTTTCCAGGTGCTTT-1	Stem
TCTTTCCTCATGTCCC-1	Stem
TGAAAGAAGGGAAACA-1	Stem
TGAAAGAGTGGTACAG-1	Stem
TGACAACAGTACGACG-1	Stem
TGACGGCAGCGAAGGG-1	Stem
TGACGGCCAATCTGCA-1	Stem
TGACGGCGTTTAGCTG-1	Stem
TGACTAGAGTACTTGC-1	Stem
TGACTAGCAATACGCT-1	Stem
TGACTAGCATGGGACA-1	Stem
TGACTTTCAAGTTGTC-1	Stem
TGAGCATAGATGCCAG-1	Stem
TGAGCCGGTCGACTAT-1	Stem
TGAGGGATCAGCTTAG-1	Stem
TGATTTCAGAAACCGC-1	Stem
TGATTTCAGTGTACGG-1	Stem
TGATTTCGTCAACTGT-1	Stem
TGCCAAATCCGTTGTC-1	Stem
TGCCCTACAATTCCTT-1	Stem
TGCCCTACAGACGCAA-1	Stem
TGCCCTAGTTCACCTC-1	Stem
TGCGCAGCAGGTTTCA-1	Stem
TGCGGGTCAAACGTGG-1	Stem
TGCTACCAGAGCAATT-1	Stem
TGCTGCTCATGGTTGT-1	Stem
TGCTGCTGTGACTCAT-1	Stem
TGCTGCTTCCTCATTA-1	Stem
TGCTGCTTCGACGGAA-1	Stem
TGGACGCAGCCATCGC-1	Stem
TGGACGCCATGCCACG-1	Stem
TGGCCAGAGTAAGTAC-1	Stem
TGGCGCAAGAGAGCTC-1	Stem
TGGCGCACATACCATG-1	Stem
TGGGCGTCAGCTGTAT-1	Stem
TGGTTAGAGCAGCGTA-1	Stem
TGTATTCAGGAATCGC-1	Stem
TGTCCCACAACTGCGC-1	Stem
TGTGGTACATACGCCG-1	Stem
TGTGGTATCTGGCGTG-1	Stem
TGTGTTTGTGTGACGA-1	Stem
TGTGTTTTCAGTTTGG-1	Stem
TGTTCCGAGGGTGTGT-1	Stem
TGTTCCGGTCTTCGTC-1	Stem
TGTTCCGTCAACGGGA-1	Stem
TGTTCCGTCGTGGACC-1	Stem
TTAACTCAGATGTAAC-1	Stem
TTAACTCTCAACACTG-1	Stem
TTAGGACGTACCGCTG-1	Stem
TTAGGACTCAATAAGG-1	Stem
TTAGGACTCTCATTCA-1	Stem
TTAGGCAGTGCAGACA-1	Stem
TTAGGCATCTTAGCCC-1	Stem
TTAGTTCAGACTAAGT-1	Stem
TTAGTTCAGTTTGCGT-1	Stem
TTAGTTCTCTTCAACT-1	Stem
TTATGCTAGGGAACGG-1	Stem
TTATGCTTCGGAGGTA-1	Stem
TTCCCAGGTAAGTGTA-1	Stem
TTCCCAGTCCAAGCCG-1	Stem
TTCCCAGTCGCATGAT-1	Stem
TTCTACAAGTATCGAA-1	Stem
TTCTCAACAAGTAATG-1	Stem
TTCTCAATCATAAAGG-1	Stem
TTCTCCTTCGGAAATA-1	Stem
TTCTTAGAGAAACCAT-1	Stem
TTCTTAGAGATCCTGT-1	Stem
TTCTTAGGTGATAAGT-1	Stem
TTCTTAGTCATATCGG-1	Stem
TTGAACGGTATTACCG-1	Stem
TTGACTTGTAGGGTAC-1	Stem
TTGACTTGTCAGATAA-1	Stem
TTGACTTTCCATGAGT-1	Stem
TTGCCGTCACGAAACG-1	Stem
TTGCCGTCATCGATTG-1	Stem
TTGCGTCAGTACACCT-1	Stem
TTGCGTCCAAGCCGCT-1	Stem
TTGGCAAAGAGACGAA-1	Stem
TTGTAGGTCAAAGACA-1	Stem
TTTACTGCAATTCCTT-1	Stem
TTTACTGGTTCCTCCA-1	Stem
TTTATGCAGCTCAACT-1	Stem
TTTATGCAGTGACATA-1	Stem
TTTCCTCAGATGTAAC-1	Stem
TTTCCTCCACTTAAGC-1	Stem
TTTCCTCCAGGGTATG-1	Stem
TTTCCTCGTAAACCTC-1	Stem
TTTCCTCGTCACTTCC-1	Stem
TTTCCTCGTCCAGTTA-1	Stem
TTTCCTCTCCCTCAGT-1	Stem
TTTGCGCCACAAGACG-1	Stem
TTTGCGCCACAGCCCA-1	Stem
TTTGCGCTCTCTGCTG-1	Stem
TTTGGTTAGTCCATAC-1	Stem
TTTGTCAAGAGAACAG-1	Stem
